{
  "arguments": {
    "game": [
      "--username",
      "${auth_player_name}",
      "--version",
      "${version_name}",
      "--gameDir",
      "${game_directory}",
      "--assetsDir",
      "${assets_root}",
      "--assetIndex",
      "${assets_index_name}",
      "--uuid",
      "${auth_uuid}",
      "--accessToken",
      "${auth_access_token}",
      "--clientId",
      "${clientid}",
      "--xuid",
      "${auth_xuid}",
      "--userType",
      "${user_type}",
      "--versionType",
      "${version_type}",
      {
        "rules": [
          {
            "action": "allow",
            "features": {
              "is_demo_user": true
            }
          }
        ],
        "value": "--demo"
      },
      {
        "rules": [
          {
            "action": "allow",
            "features": {
              "has_custom_resolution": true
            }
          }
        ],
        "value": [
          "--width",
          "${resolution_width}",
          "--height",
          "${resolution_height}"
        ]
      },
      "--launchTarget",
      "forgeclient",
      "--fml.forgeVersion",
      "43.2.0",
      "--fml.mcVersion",
      "1.19.2",
      "--fml.forgeGroup",
      "net.minecraftforge",
      "--fml.mcpVersion",
      "20220805.130853"
    ],
    "jvm": [
      {
        "rules": [
          {
            "action": "allow",
            "os": {
              "name": "osx"
            }
          }
        ],
        "value": [
          "-XstartOnFirstThread"
        ]
      },
      {
        "rules": [
          {
            "action": "allow",
            "os": {
              "name": "windows"
            }
          }
        ],
        "value": "-XX:HeapDumpPath=MojangTricksIntelDriversForPerformance_javaw.exe_minecraft.exe.heapdump"
      },
      {
        "rules": [
          {
            "action": "allow",
            "os": {
              "name": "windows",
              "version": "^10\\."
            }
          }
        ],
        "value": [
          "-Dos.name=Windows 10",
          "-Dos.version=10.0"
        ]
      },
      {
        "rules": [
          {
            "action": "allow",
            "os": {
              "arch": "x86"
            }
          }
        ],
        "value": "-Xss1M"
      },
      "-Djava.library.path=${natives_directory}",
      "-Dminecraft.launcher.brand=${launcher_name}",
      "-Dminecraft.launcher.version=${launcher_version}",
      "-cp",
      "${classpath}",
      "-Djava.net.preferIPv6Addresses=system",
      "-DignoreList=bootstraplauncher,securejarhandler,asm-commons,asm-util,asm-analysis,asm-tree,asm,JarJarFileSystems,client-extra,fmlcore,javafmllanguage,lowcodelanguage,mclanguage,forge-,${version_name}.jar",
      "-DmergeModules=jna-5.10.0.jar,jna-platform-5.10.0.jar",
      "-DlibraryDirectory=${library_directory}",
      "-p",
      "${library_directory}/cpw/mods/bootstraplauncher/1.1.2/bootstraplauncher-1.1.2.jar${classpath_separator}${library_directory}/cpw/mods/securejarhandler/2.1.4/securejarhandler-2.1.4.jar${classpath_separator}${library_directory}/org/ow2/asm/asm-commons/9.3/asm-commons-9.3.jar${classpath_separator}${library_directory}/org/ow2/asm/asm-util/9.3/asm-util-9.3.jar${classpath_separator}${library_directory}/org/ow2/asm/asm-analysis/9.3/asm-analysis-9.3.jar${classpath_separator}${library_directory}/org/ow2/asm/asm-tree/9.3/asm-tree-9.3.jar${classpath_separator}${library_directory}/org/ow2/asm/asm/9.3/asm-9.3.jar${classpath_separator}${library_directory}/net/minecraftforge/JarJarFileSystems/0.3.16/JarJarFileSystems-0.3.16.jar",
      "--add-modules",
      "ALL-MODULE-PATH",
      "--add-opens",
      "java.base/java.util.jar=cpw.mods.securejarhandler",
      "--add-opens",
      "java.base/java.lang.invoke=cpw.mods.securejarhandler",
      "--add-exports",
      "java.base/sun.security.util=cpw.mods.securejarhandler",
      "--add-exports",
      "jdk.naming.dns/com.sun.jndi.dns=java.naming"
    ]
  },
  "assetIndex": {
    "id": "1.19",
    "sha1": "a9c8b05a8082a65678beda6dfa2b8f21fa627bce",
    "size": 385608,
    "totalSize": 557023211,
    "url": "https://piston-meta.mojang.com/v1/packages/a9c8b05a8082a65678beda6dfa2b8f21fa627bce/1.19.json"
  },
  "assets": "1.19",
  "complianceLevel": 1,
  "downloads": {
    "client": {
      "sha1": "055b30d860ead928cba3849ba920c88b6950b654",
      "size": 21644740,
      "url": "https://piston-data.mojang.com/v1/objects/055b30d860ead928cba3849ba920c88b6950b654/client.jar"
    },
    "client_mappings": {
      "sha1": "8e8c9be5dc27802caba47053d4fdea328f7f89bd",
      "size": 7236064,
      "url": "https://piston-data.mojang.com/v1/objects/8e8c9be5dc27802caba47053d4fdea328f7f89bd/client.txt"
    },
    "server": {
      "sha1": "f69c284232d7c7580bd89a5a4931c3581eae1378",
      "size": 45609512,
      "url": "https://piston-data.mojang.com/v1/objects/f69c284232d7c7580bd89a5a4931c3581eae1378/server.jar"
    },
    "server_mappings": {
      "sha1": "ed5e6e8334ad67f5af0150beed0f3d156d74bd57",
      "size": 5584686,
      "url": "https://piston-data.mojang.com/v1/objects/ed5e6e8334ad67f5af0150beed0f3d156d74bd57/server.txt"
    }
  },
  "id": "1.19.2-Forge_43.2.0",
  "javaVersion": {
    "component": "java-runtime-gamma",
    "majorVersion": 17
  },
  "libraries": [
    {
      "downloads": {
        "artifact": {
          "path": "com/mojang/logging/1.0.0/logging-1.0.0.jar",
          "sha1": "f6ca3b2eee0b80b384e8ed93d368faecb82dfb9b",
          "size": 15343,
          "url": "https://libraries.minecraft.net/com/mojang/logging/1.0.0/logging-1.0.0.jar"
        }
      },
      "name": "com.mojang:logging:1.0.0"
    },
    {
      "downloads": {
        "artifact": {
          "path": "com/mojang/blocklist/1.0.10/blocklist-1.0.10.jar",
          "sha1": "5c685c5ffa94c4cd39496c7184c1d122e515ecef",
          "size": 964,
          "url": "https://libraries.minecraft.net/com/mojang/blocklist/1.0.10/blocklist-1.0.10.jar"
        }
      },
      "name": "com.mojang:blocklist:1.0.10"
    },
    {
      "downloads": {
        "artifact": {
          "path": "com/mojang/patchy/2.2.10/patchy-2.2.10.jar",
          "sha1": "da05971b07cbb379d002cf7eaec6a2048211fefc",
          "size": 4439,
          "url": "https://libraries.minecraft.net/com/mojang/patchy/2.2.10/patchy-2.2.10.jar"
        }
      },
      "name": "com.mojang:patchy:2.2.10"
    },
    {
      "downloads": {
        "artifact": {
          "path": "com/github/oshi/oshi-core/5.8.5/oshi-core-5.8.5.jar",
          "sha1": "1d0ec654d820741327f5a9229d513732a4b7ce50",
          "size": 879623,
          "url": "https://libraries.minecraft.net/com/github/oshi/oshi-core/5.8.5/oshi-core-5.8.5.jar"
        }
      },
      "name": "com.github.oshi:oshi-core:5.8.5"
    },
    {
      "downloads": {
        "artifact": {
          "path": "net/java/dev/jna/jna/5.10.0/jna-5.10.0.jar",
          "sha1": "7cf4c87dd802db50721db66947aa237d7ad09418",
          "size": 1756400,
          "url": "https://libraries.minecraft.net/net/java/dev/jna/jna/5.10.0/jna-5.10.0.jar"
        }
      },
      "name": "net.java.dev.jna:jna:5.10.0"
    },
    {
      "downloads": {
        "artifact": {
          "path": "net/java/dev/jna/jna-platform/5.10.0/jna-platform-5.10.0.jar",
          "sha1": "fbed7d9669dba47714ad0d4f4454290a997aee69",
          "size": 1343495,
          "url": "https://libraries.minecraft.net/net/java/dev/jna/jna-platform/5.10.0/jna-platform-5.10.0.jar"
        }
      },
      "name": "net.java.dev.jna:jna-platform:5.10.0"
    },
    {
      "downloads": {
        "artifact": {
          "path": "org/slf4j/slf4j-api/1.8.0-beta4/slf4j-api-1.8.0-beta4.jar",
          "sha1": "83b0359d847ee053d745be7ec0d8e9e8a44304b4",
          "size": 44213,
          "url": "https://libraries.minecraft.net/org/slf4j/slf4j-api/1.8.0-beta4/slf4j-api-1.8.0-beta4.jar"
        }
      },
      "name": "org.slf4j:slf4j-api:1.8.0-beta4"
    },
    {
      "downloads": {
        "artifact": {
          "path": "org/apache/logging/log4j/log4j-slf4j18-impl/2.17.0/log4j-slf4j18-impl-2.17.0.jar",
          "sha1": "bd7f6c0b9224dd214afb4e684957e2349b529a8d",
          "size": 21244,
          "url": "https://libraries.minecraft.net/org/apache/logging/log4j/log4j-slf4j18-impl/2.17.0/log4j-slf4j18-impl-2.17.0.jar"
        }
      },
      "name": "org.apache.logging.log4j:log4j-slf4j18-impl:2.17.0"
    },
    {
      "downloads": {
        "artifact": {
          "path": "com/ibm/icu/icu4j/70.1/icu4j-70.1.jar",
          "sha1": "dfa3a1fbc55bf5db8c6e79fc0935ac7ab1202950",
          "size": 13708936,
          "url": "https://libraries.minecraft.net/com/ibm/icu/icu4j/70.1/icu4j-70.1.jar"
        }
      },
      "name": "com.ibm.icu:icu4j:70.1"
    },
    {
      "downloads": {
        "artifact": {
          "path": "com/mojang/javabridge/1.2.24/javabridge-1.2.24.jar",
          "sha1": "0c876796229b2ef5120f186eab5acc870699d3b9",
          "size": 6053,
          "url": "https://libraries.minecraft.net/com/mojang/javabridge/1.2.24/javabridge-1.2.24.jar"
        }
      },
      "name": "com.mojang:javabridge:1.2.24"
    },
    {
      "downloads": {
        "artifact": {
          "path": "net/sf/jopt-simple/jopt-simple/5.0.4/jopt-simple-5.0.4.jar",
          "sha1": "4fdac2fbe92dfad86aa6e9301736f6b4342a3f5c",
          "size": 78146,
          "url": "https://libraries.minecraft.net/net/sf/jopt-simple/jopt-simple/5.0.4/jopt-simple-5.0.4.jar"
        }
      },
      "name": "net.sf.jopt-simple:jopt-simple:5.0.4"
    },
    {
      "downloads": {
        "artifact": {
          "path": "io/netty/netty-common/4.1.77.Final/netty-common-4.1.77.Final.jar",
          "sha1": "ea0fc20f4e6178966b9d62017b7fcb83dfe0e713",
          "size": 653053,
          "url": "https://libraries.minecraft.net/io/netty/netty-common/4.1.77.Final/netty-common-4.1.77.Final.jar"
        }
      },
      "name": "io.netty:netty-common:4.1.77.Final"
    },
    {
      "downloads": {
        "artifact": {
          "path": "io/netty/netty-buffer/4.1.77.Final/netty-buffer-4.1.77.Final.jar",
          "sha1": "d97571f99e5e739d86824d0df99f35d295276b5f",
          "size": 303738,
          "url": "https://libraries.minecraft.net/io/netty/netty-buffer/4.1.77.Final/netty-buffer-4.1.77.Final.jar"
        }
      },
      "name": "io.netty:netty-buffer:4.1.77.Final"
    },
    {
      "downloads": {
        "artifact": {
          "path": "io/netty/netty-codec/4.1.77.Final/netty-codec-4.1.77.Final.jar",
          "sha1": "4efc5f59335301d6ba0d7cd31dd10651119b03c8",
          "size": 337017,
          "url": "https://libraries.minecraft.net/io/netty/netty-codec/4.1.77.Final/netty-codec-4.1.77.Final.jar"
        }
      },
      "name": "io.netty:netty-codec:4.1.77.Final"
    },
    {
      "downloads": {
        "artifact": {
          "path": "io/netty/netty-handler/4.1.77.Final/netty-handler-4.1.77.Final.jar",
          "sha1": "47a81089de03635a27f509f3e4e13386ae1db275",
          "size": 528268,
          "url": "https://libraries.minecraft.net/io/netty/netty-handler/4.1.77.Final/netty-handler-4.1.77.Final.jar"
        }
      },
      "name": "io.netty:netty-handler:4.1.77.Final"
    },
    {
      "downloads": {
        "artifact": {
          "path": "io/netty/netty-resolver/4.1.77.Final/netty-resolver-4.1.77.Final.jar",
          "sha1": "4a239dbf8d8bb5f98aa51462c35011c0516395fd",
          "size": 37776,
          "url": "https://libraries.minecraft.net/io/netty/netty-resolver/4.1.77.Final/netty-resolver-4.1.77.Final.jar"
        }
      },
      "name": "io.netty:netty-resolver:4.1.77.Final"
    },
    {
      "downloads": {
        "artifact": {
          "path": "io/netty/netty-transport/4.1.77.Final/netty-transport-4.1.77.Final.jar",
          "sha1": "2a3373bbd20d520c821f210bd5ee886788512043",
          "size": 480832,
          "url": "https://libraries.minecraft.net/io/netty/netty-transport/4.1.77.Final/netty-transport-4.1.77.Final.jar"
        }
      },
      "name": "io.netty:netty-transport:4.1.77.Final"
    },
    {
      "downloads": {
        "artifact": {
          "path": "io/netty/netty-transport-native-unix-common/4.1.77.Final/netty-transport-native-unix-common-4.1.77.Final.jar",
          "sha1": "c95d53486414b3270d08057957c5da8e0c37e4eb",
          "size": 43213,
          "url": "https://libraries.minecraft.net/io/netty/netty-transport-native-unix-common/4.1.77.Final/netty-transport-native-unix-common-4.1.77.Final.jar"
        }
      },
      "name": "io.netty:netty-transport-native-unix-common:4.1.77.Final"
    },
    {
      "downloads": {
        "artifact": {
          "path": "io/netty/netty-transport-classes-epoll/4.1.77.Final/netty-transport-classes-epoll-4.1.77.Final.jar",
          "sha1": "dd70dbccbcf98382223a59044f3c08d8e9920cad",
          "size": 139612,
          "url": "https://libraries.minecraft.net/io/netty/netty-transport-classes-epoll/4.1.77.Final/netty-transport-classes-epoll-4.1.77.Final.jar"
        }
      },
      "name": "io.netty:netty-transport-classes-epoll:4.1.77.Final"
    },
    {
      "downloads": {
        "artifact": {
          "path": "io/netty/netty-transport-native-epoll/4.1.77.Final/netty-transport-native-epoll-4.1.77.Final-linux-x86_64.jar",
          "sha1": "8d10e9e138dac52172dd83229bdc89197100c723",
          "size": 37633,
          "url": "https://libraries.minecraft.net/io/netty/netty-transport-native-epoll/4.1.77.Final/netty-transport-native-epoll-4.1.77.Final-linux-x86_64.jar"
        }
      },
      "name": "io.netty:netty-transport-native-epoll:4.1.77.Final:linux-x86_64",
      "rules": [
        {
          "action": "allow",
          "os": {
            "name": "linux"
          }
        }
      ]
    },
    {
      "downloads": {
        "artifact": {
          "path": "io/netty/netty-transport-native-epoll/4.1.77.Final/netty-transport-native-epoll-4.1.77.Final-linux-aarch_64.jar",
          "sha1": "5f051599ced83e119ddeda891f471c0613721e5c",
          "size": 39226,
          "url": "https://libraries.minecraft.net/io/netty/netty-transport-native-epoll/4.1.77.Final/netty-transport-native-epoll-4.1.77.Final-linux-aarch_64.jar"
        }
      },
      "name": "io.netty:netty-transport-native-epoll:4.1.77.Final:linux-aarch_64",
      "rules": [
        {
          "action": "allow",
          "os": {
            "name": "linux"
          }
        }
      ]
    },
    {
      "downloads": {
        "artifact": {
          "path": "com/google/guava/failureaccess/1.0.1/failureaccess-1.0.1.jar",
          "sha1": "1dcf1de382a0bf95a3d8b0849546c88bac1292c9",
          "size": 4617,
          "url": "https://libraries.minecraft.net/com/google/guava/failureaccess/1.0.1/failureaccess-1.0.1.jar"
        }
      },
      "name": "com.google.guava:failureaccess:1.0.1"
    },
    {
      "downloads": {
        "artifact": {
          "path": "com/google/guava/guava/31.0.1-jre/guava-31.0.1-jre.jar",
          "sha1": "119ea2b2bc205b138974d351777b20f02b92704b",
          "size": 2974216,
          "url": "https://libraries.minecraft.net/com/google/guava/guava/31.0.1-jre/guava-31.0.1-jre.jar"
        }
      },
      "name": "com.google.guava:guava:31.0.1-jre"
    },
    {
      "downloads": {
        "artifact": {
          "path": "org/apache/commons/commons-lang3/3.12.0/commons-lang3-3.12.0.jar",
          "sha1": "c6842c86792ff03b9f1d1fe2aab8dc23aa6c6f0e",
          "size": 587402,
          "url": "https://libraries.minecraft.net/org/apache/commons/commons-lang3/3.12.0/commons-lang3-3.12.0.jar"
        }
      },
      "name": "org.apache.commons:commons-lang3:3.12.0"
    },
    {
      "downloads": {
        "artifact": {
          "path": "commons-io/commons-io/2.11.0/commons-io-2.11.0.jar",
          "sha1": "a2503f302b11ebde7ebc3df41daebe0e4eea3689",
          "size": 327135,
          "url": "https://libraries.minecraft.net/commons-io/commons-io/2.11.0/commons-io-2.11.0.jar"
        }
      },
      "name": "commons-io:commons-io:2.11.0"
    },
    {
      "downloads": {
        "artifact": {
          "path": "commons-codec/commons-codec/1.15/commons-codec-1.15.jar",
          "sha1": "49d94806b6e3dc933dacbd8acb0fdbab8ebd1e5d",
          "size": 353793,
          "url": "https://libraries.minecraft.net/commons-codec/commons-codec/1.15/commons-codec-1.15.jar"
        }
      },
      "name": "commons-codec:commons-codec:1.15"
    },
    {
      "downloads": {
        "artifact": {
          "path": "com/mojang/brigadier/1.0.18/brigadier-1.0.18.jar",
          "sha1": "c1ef1234282716483c92183f49bef47b1a89bfa9",
          "size": 77116,
          "url": "https://libraries.minecraft.net/com/mojang/brigadier/1.0.18/brigadier-1.0.18.jar"
        }
      },
      "name": "com.mojang:brigadier:1.0.18"
    },
    {
      "downloads": {
        "artifact": {
          "path": "com/mojang/datafixerupper/5.0.28/datafixerupper-5.0.28.jar",
          "sha1": "e2157e236e529aff80a5fc3ccb506e56d46b130b",
          "size": 684966,
          "url": "https://libraries.minecraft.net/com/mojang/datafixerupper/5.0.28/datafixerupper-5.0.28.jar"
        }
      },
      "name": "com.mojang:datafixerupper:5.0.28"
    },
    {
      "downloads": {
        "artifact": {
          "path": "com/google/code/gson/gson/2.8.9/gson-2.8.9.jar",
          "sha1": "8a432c1d6825781e21a02db2e2c33c5fde2833b9",
          "size": 258075,
          "url": "https://libraries.minecraft.net/com/google/code/gson/gson/2.8.9/gson-2.8.9.jar"
        }
      },
      "name": "com.google.code.gson:gson:2.8.9"
    },
    {
      "downloads": {
        "artifact": {
          "path": "com/mojang/authlib/3.11.49/authlib-3.11.49.jar",
          "sha1": "2e3055ec2a017c7f94b79744b4a68b65695a118c",
          "size": 120100,
          "url": "https://libraries.minecraft.net/com/mojang/authlib/3.11.49/authlib-3.11.49.jar"
        }
      },
      "name": "com.mojang:authlib:3.11.49"
    },
    {
      "downloads": {
        "artifact": {
          "path": "org/apache/commons/commons-compress/1.21/commons-compress-1.21.jar",
          "sha1": "4ec95b60d4e86b5c95a0e919cb172a0af98011ef",
          "size": 1018316,
          "url": "https://libraries.minecraft.net/org/apache/commons/commons-compress/1.21/commons-compress-1.21.jar"
        }
      },
      "name": "org.apache.commons:commons-compress:1.21"
    },
    {
      "downloads": {
        "artifact": {
          "path": "org/apache/httpcomponents/httpclient/4.5.13/httpclient-4.5.13.jar",
          "sha1": "e5f6cae5ca7ecaac1ec2827a9e2d65ae2869cada",
          "size": 780321,
          "url": "https://libraries.minecraft.net/org/apache/httpcomponents/httpclient/4.5.13/httpclient-4.5.13.jar"
        }
      },
      "name": "org.apache.httpcomponents:httpclient:4.5.13"
    },
    {
      "downloads": {
        "artifact": {
          "path": "commons-logging/commons-logging/1.2/commons-logging-1.2.jar",
          "sha1": "4bfc12adfe4842bf07b657f0369c4cb522955686",
          "size": 61829,
          "url": "https://libraries.minecraft.net/commons-logging/commons-logging/1.2/commons-logging-1.2.jar"
        }
      },
      "name": "commons-logging:commons-logging:1.2"
    },
    {
      "downloads": {
        "artifact": {
          "path": "org/apache/httpcomponents/httpcore/4.4.14/httpcore-4.4.14.jar",
          "sha1": "9dd1a631c082d92ecd4bd8fd4cf55026c720a8c1",
          "size": 328436,
          "url": "https://libraries.minecraft.net/org/apache/httpcomponents/httpcore/4.4.14/httpcore-4.4.14.jar"
        }
      },
      "name": "org.apache.httpcomponents:httpcore:4.4.14"
    },
    {
      "downloads": {
        "artifact": {
          "path": "it/unimi/dsi/fastutil/8.5.6/fastutil-8.5.6.jar",
          "sha1": "76f95700418a68fbc4ac050525261f05dc681ca1",
          "size": 23565248,
          "url": "https://libraries.minecraft.net/it/unimi/dsi/fastutil/8.5.6/fastutil-8.5.6.jar"
        }
      },
      "name": "it.unimi.dsi:fastutil:8.5.6"
    },
    {
      "downloads": {
        "artifact": {
          "path": "org/apache/logging/log4j/log4j-api/2.17.0/log4j-api-2.17.0.jar",
          "sha1": "bbd791e9c8c9421e45337c4fe0a10851c086e36c",
          "size": 301776,
          "url": "https://libraries.minecraft.net/org/apache/logging/log4j/log4j-api/2.17.0/log4j-api-2.17.0.jar"
        }
      },
      "name": "org.apache.logging.log4j:log4j-api:2.17.0"
    },
    {
      "downloads": {
        "artifact": {
          "path": "org/apache/logging/log4j/log4j-core/2.17.0/log4j-core-2.17.0.jar",
          "sha1": "fe6e7a32c1228884b9691a744f953a55d0dd8ead",
          "size": 1789339,
          "url": "https://libraries.minecraft.net/org/apache/logging/log4j/log4j-core/2.17.0/log4j-core-2.17.0.jar"
        }
      },
      "name": "org.apache.logging.log4j:log4j-core:2.17.0"
    },
    {
      "downloads": {
        "artifact": {
          "path": "org/lwjgl/lwjgl/3.3.1/lwjgl-3.3.1.jar",
          "sha1": "ae58664f88e18a9bb2c77b063833ca7aaec484cb",
          "size": 724243,
          "url": "https://libraries.minecraft.net/org/lwjgl/lwjgl/3.3.1/lwjgl-3.3.1.jar"
        }
      },
      "name": "org.lwjgl:lwjgl:3.3.1"
    },
    {
      "downloads": {
        "artifact": {
          "path": "org/lwjgl/lwjgl/3.3.1/lwjgl-3.3.1-natives-windows.jar",
          "sha1": "0036c37f16ab611b3aa11f3bcf80b1d509b4ce6b",
          "size": 159361,
          "url": "https://libraries.minecraft.net/org/lwjgl/lwjgl/3.3.1/lwjgl-3.3.1-natives-windows.jar"
        }
      },
      "name": "org.lwjgl:lwjgl:3.3.1:natives-windows",
      "rules": [
        {
          "action": "allow",
          "os": {
            "name": "windows"
          }
        }
      ]
    },
    {
      "downloads": {
        "artifact": {
          "path": "org/lwjgl/lwjgl/3.3.1/lwjgl-3.3.1-natives-windows-x86.jar",
          "sha1": "3b14f4beae9dd39791ec9e12190a9380cd8a3ce6",
          "size": 134695,
          "url": "https://libraries.minecraft.net/org/lwjgl/lwjgl/3.3.1/lwjgl-3.3.1-natives-windows-x86.jar"
        }
      },
      "name": "org.lwjgl:lwjgl:3.3.1:natives-windows-x86",
      "rules": [
        {
          "action": "allow",
          "os": {
            "name": "windows"
          }
        }
      ]
    },
    {
      "downloads": {
        "artifact": {
          "path": "org/lwjgl/lwjgl/3.3.1/lwjgl-3.3.1-natives-linux.jar",
          "sha1": "1de885aba434f934201b99f2f1afb142036ac189",
          "size": 110704,
          "url": "https://libraries.minecraft.net/org/lwjgl/lwjgl/3.3.1/lwjgl-3.3.1-natives-linux.jar"
        }
      },
      "name": "org.lwjgl:lwjgl:3.3.1:natives-linux",
      "rules": [
        {
          "action": "allow",
          "os": {
            "name": "linux"
          }
        }
      ]
    },
    {
      "downloads": {
        "artifact": {
          "path": "org/lwjgl/lwjgl/3.3.1/lwjgl-3.3.1-natives-macos.jar",
          "sha1": "fc6bb723dec2cd031557dccb2a95f0ab80acb9db",
          "size": 55706,
          "url": "https://libraries.minecraft.net/org/lwjgl/lwjgl/3.3.1/lwjgl-3.3.1-natives-macos.jar"
        }
      },
      "name": "org.lwjgl:lwjgl:3.3.1:natives-macos",
      "rules": [
        {
          "action": "allow",
          "os": {
            "name": "osx"
          }
        }
      ]
    },
    {
      "downloads": {
        "artifact": {
          "path": "org/lwjgl/lwjgl/3.3.1/lwjgl-3.3.1-natives-macos-arm64.jar",
          "sha1": "71d0d5e469c9c95351eb949064497e3391616ac9",
          "size": 42693,
          "url": "https://libraries.minecraft.net/org/lwjgl/lwjgl/3.3.1/lwjgl-3.3.1-natives-macos-arm64.jar"
        }
      },
      "name": "org.lwjgl:lwjgl:3.3.1:natives-macos-arm64",
      "rules": [
        {
          "action": "allow",
          "os": {
            "name": "osx"
          }
        }
      ]
    },
    {
      "downloads": {
        "artifact": {
          "path": "org/lwjgl/lwjgl-jemalloc/3.3.1/lwjgl-jemalloc-3.3.1.jar",
          "sha1": "a817bcf213db49f710603677457567c37d53e103",
          "size": 36601,
          "url": "https://libraries.minecraft.net/org/lwjgl/lwjgl-jemalloc/3.3.1/lwjgl-jemalloc-3.3.1.jar"
        }
      },
      "name": "org.lwjgl:lwjgl-jemalloc:3.3.1"
    },
    {
      "downloads": {
        "artifact": {
          "path": "org/lwjgl/lwjgl-jemalloc/3.3.1/lwjgl-jemalloc-3.3.1-natives-windows.jar",
          "sha1": "948a89b76a16aa324b046ae9308891216ffce5f9",
          "size": 135585,
          "url": "https://libraries.minecraft.net/org/lwjgl/lwjgl-jemalloc/3.3.1/lwjgl-jemalloc-3.3.1-natives-windows.jar"
        }
      },
      "name": "org.lwjgl:lwjgl-jemalloc:3.3.1:natives-windows",
      "rules": [
        {
          "action": "allow",
          "os": {
            "name": "windows"
          }
        }
      ]
    },
    {
      "downloads": {
        "artifact": {
          "path": "org/lwjgl/lwjgl-jemalloc/3.3.1/lwjgl-jemalloc-3.3.1-natives-windows-x86.jar",
          "sha1": "fb476c8ec110e1c137ad3ce8a7f7bfe6b11c6324",
          "size": 110405,
          "url": "https://libraries.minecraft.net/org/lwjgl/lwjgl-jemalloc/3.3.1/lwjgl-jemalloc-3.3.1-natives-windows-x86.jar"
        }
      },
      "name": "org.lwjgl:lwjgl-jemalloc:3.3.1:natives-windows-x86",
      "rules": [
        {
          "action": "allow",
          "os": {
            "name": "windows"
          }
        }
      ]
    },
    {
      "downloads": {
        "artifact": {
          "path": "org/lwjgl/lwjgl-jemalloc/3.3.1/lwjgl-jemalloc-3.3.1-natives-linux.jar",
          "sha1": "33dbb017b6ed6b25f993ad9d56741a49e7937718",
          "size": 166524,
          "url": "https://libraries.minecraft.net/org/lwjgl/lwjgl-jemalloc/3.3.1/lwjgl-jemalloc-3.3.1-natives-linux.jar"
        }
      },
      "name": "org.lwjgl:lwjgl-jemalloc:3.3.1:natives-linux",
      "rules": [
        {
          "action": "allow",
          "os": {
            "name": "linux"
          }
        }
      ]
    },
    {
      "downloads": {
        "artifact": {
          "path": "org/lwjgl/lwjgl-jemalloc/3.3.1/lwjgl-jemalloc-3.3.1-natives-macos.jar",
          "sha1": "56424dc8db3cfb8e7b594aa6d59a4f4387b7f544",
          "size": 117480,
          "url": "https://libraries.minecraft.net/org/lwjgl/lwjgl-jemalloc/3.3.1/lwjgl-jemalloc-3.3.1-natives-macos.jar"
        }
      },
      "name": "org.lwjgl:lwjgl-jemalloc:3.3.1:natives-macos",
      "rules": [
        {
          "action": "allow",
          "os": {
            "name": "osx"
          }
        }
      ]
    },
    {
      "downloads": {
        "artifact": {
          "path": "org/lwjgl/lwjgl-jemalloc/3.3.1/lwjgl-jemalloc-3.3.1-natives-macos-arm64.jar",
          "sha1": "e577b87d8ad2ade361aaea2fcf226c660b15dee8",
          "size": 103475,
          "url": "https://libraries.minecraft.net/org/lwjgl/lwjgl-jemalloc/3.3.1/lwjgl-jemalloc-3.3.1-natives-macos-arm64.jar"
        }
      },
      "name": "org.lwjgl:lwjgl-jemalloc:3.3.1:natives-macos-arm64",
      "rules": [
        {
          "action": "allow",
          "os": {
            "name": "osx"
          }
        }
      ]
    },
    {
      "downloads": {
        "artifact": {
          "path": "org/lwjgl/lwjgl-openal/3.3.1/lwjgl-openal-3.3.1.jar",
          "sha1": "2623a6b8ae1dfcd880738656a9f0243d2e6840bd",
          "size": 88237,
          "url": "https://libraries.minecraft.net/org/lwjgl/lwjgl-openal/3.3.1/lwjgl-openal-3.3.1.jar"
        }
      },
      "name": "org.lwjgl:lwjgl-openal:3.3.1"
    },
    {
      "downloads": {
        "artifact": {
          "path": "org/lwjgl/lwjgl-openal/3.3.1/lwjgl-openal-3.3.1-natives-windows.jar",
          "sha1": "30a474d0e57193d7bc128849a3ab66bc9316fdb1",
          "size": 576872,
          "url": "https://libraries.minecraft.net/org/lwjgl/lwjgl-openal/3.3.1/lwjgl-openal-3.3.1-natives-windows.jar"
        }
      },
      "name": "org.lwjgl:lwjgl-openal:3.3.1:natives-windows",
      "rules": [
        {
          "action": "allow",
          "os": {
            "name": "windows"
          }
        }
      ]
    },
    {
      "downloads": {
        "artifact": {
          "path": "org/lwjgl/lwjgl-openal/3.3.1/lwjgl-openal-3.3.1-natives-windows-x86.jar",
          "sha1": "888349f7b1be6fbae58bf8edfb9ef12def04c4e3",
          "size": 520313,
          "url": "https://libraries.minecraft.net/org/lwjgl/lwjgl-openal/3.3.1/lwjgl-openal-3.3.1-natives-windows-x86.jar"
        }
      },
      "name": "org.lwjgl:lwjgl-openal:3.3.1:natives-windows-x86",
      "rules": [
        {
          "action": "allow",
          "os": {
            "name": "windows"
          }
        }
      ]
    },
    {
      "downloads": {
        "artifact": {
          "path": "org/lwjgl/lwjgl-openal/3.3.1/lwjgl-openal-3.3.1-natives-linux.jar",
          "sha1": "f906b6439f6daa66001182ea7727e3467a93681b",
          "size": 476825,
          "url": "https://libraries.minecraft.net/org/lwjgl/lwjgl-openal/3.3.1/lwjgl-openal-3.3.1-natives-linux.jar"
        }
      },
      "name": "org.lwjgl:lwjgl-openal:3.3.1:natives-linux",
      "rules": [
        {
          "action": "allow",
          "os": {
            "name": "linux"
          }
        }
      ]
    },
    {
      "downloads": {
        "artifact": {
          "path": "org/lwjgl/lwjgl-openal/3.3.1/lwjgl-openal-3.3.1-natives-macos.jar",
          "sha1": "3a57b8911835fb58b5e558d0ca0d28157e263d45",
          "size": 397196,
          "url": "https://libraries.minecraft.net/org/lwjgl/lwjgl-openal/3.3.1/lwjgl-openal-3.3.1-natives-macos.jar"
        }
      },
      "name": "org.lwjgl:lwjgl-openal:3.3.1:natives-macos",
      "rules": [
        {
          "action": "allow",
          "os": {
            "name": "osx"
          }
        }
      ]
    },
    {
      "downloads": {
        "artifact": {
          "path": "org/lwjgl/lwjgl-openal/3.3.1/lwjgl-openal-3.3.1-natives-macos-arm64.jar",
          "sha1": "23d55e7490b57495320f6c9e1936d78fd72c4ef8",
          "size": 346125,
          "url": "https://libraries.minecraft.net/org/lwjgl/lwjgl-openal/3.3.1/lwjgl-openal-3.3.1-natives-macos-arm64.jar"
        }
      },
      "name": "org.lwjgl:lwjgl-openal:3.3.1:natives-macos-arm64",
      "rules": [
        {
          "action": "allow",
          "os": {
            "name": "osx"
          }
        }
      ]
    },
    {
      "downloads": {
        "artifact": {
          "path": "org/lwjgl/lwjgl-opengl/3.3.1/lwjgl-opengl-3.3.1.jar",
          "sha1": "831a5533a21a5f4f81bbc51bb13e9899319b5411",
          "size": 921563,
          "url": "https://libraries.minecraft.net/org/lwjgl/lwjgl-opengl/3.3.1/lwjgl-opengl-3.3.1.jar"
        }
      },
      "name": "org.lwjgl:lwjgl-opengl:3.3.1"
    },
    {
      "downloads": {
        "artifact": {
          "path": "org/lwjgl/lwjgl-opengl/3.3.1/lwjgl-opengl-3.3.1-natives-windows.jar",
          "sha1": "c1807e9bd571402787d7e37e3029776ae2513bb8",
          "size": 100205,
          "url": "https://libraries.minecraft.net/org/lwjgl/lwjgl-opengl/3.3.1/lwjgl-opengl-3.3.1-natives-windows.jar"
        }
      },
      "name": "org.lwjgl:lwjgl-opengl:3.3.1:natives-windows",
      "rules": [
        {
          "action": "allow",
          "os": {
            "name": "windows"
          }
        }
      ]
    },
    {
      "downloads": {
        "artifact": {
          "path": "org/lwjgl/lwjgl-opengl/3.3.1/lwjgl-opengl-3.3.1-natives-windows-x86.jar",
          "sha1": "deef3eb9b178ff2ff3ce893cc72ae741c3a17974",
          "size": 87463,
          "url": "https://libraries.minecraft.net/org/lwjgl/lwjgl-opengl/3.3.1/lwjgl-opengl-3.3.1-natives-windows-x86.jar"
        }
      },
      "name": "org.lwjgl:lwjgl-opengl:3.3.1:natives-windows-x86",
      "rules": [
        {
          "action": "allow",
          "os": {
            "name": "windows"
          }
        }
      ]
    },
    {
      "downloads": {
        "artifact": {
          "path": "org/lwjgl/lwjgl-opengl/3.3.1/lwjgl-opengl-3.3.1-natives-linux.jar",
          "sha1": "ab9ab6fde3743e3550fa5d46d785ecb45b047d99",
          "size": 79125,
          "url": "https://libraries.minecraft.net/org/lwjgl/lwjgl-opengl/3.3.1/lwjgl-opengl-3.3.1-natives-linux.jar"
        }
      },
      "name": "org.lwjgl:lwjgl-opengl:3.3.1:natives-linux",
      "rules": [
        {
          "action": "allow",
          "os": {
            "name": "linux"
          }
        }
      ]
    },
    {
      "downloads": {
        "artifact": {
          "path": "org/lwjgl/lwjgl-opengl/3.3.1/lwjgl-opengl-3.3.1-natives-macos.jar",
          "sha1": "a0d12697ea019a7362eff26475b0531340e876a6",
          "size": 40709,
          "url": "https://libraries.minecraft.net/org/lwjgl/lwjgl-opengl/3.3.1/lwjgl-opengl-3.3.1-natives-macos.jar"
        }
      },
      "name": "org.lwjgl:lwjgl-opengl:3.3.1:natives-macos",
      "rules": [
        {
          "action": "allow",
          "os": {
            "name": "osx"
          }
        }
      ]
    },
    {
      "downloads": {
        "artifact": {
          "path": "org/lwjgl/lwjgl-opengl/3.3.1/lwjgl-opengl-3.3.1-natives-macos-arm64.jar",
          "sha1": "eafe34b871d966292e8db0f1f3d6b8b110d4e91d",
          "size": 41665,
          "url": "https://libraries.minecraft.net/org/lwjgl/lwjgl-opengl/3.3.1/lwjgl-opengl-3.3.1-natives-macos-arm64.jar"
        }
      },
      "name": "org.lwjgl:lwjgl-opengl:3.3.1:natives-macos-arm64",
      "rules": [
        {
          "action": "allow",
          "os": {
            "name": "osx"
          }
        }
      ]
    },
    {
      "downloads": {
        "artifact": {
          "path": "org/lwjgl/lwjgl-glfw/3.3.1/lwjgl-glfw-3.3.1.jar",
          "sha1": "cbac1b8d30cb4795149c1ef540f912671a8616d0",
          "size": 128801,
          "url": "https://libraries.minecraft.net/org/lwjgl/lwjgl-glfw/3.3.1/lwjgl-glfw-3.3.1.jar"
        }
      },
      "name": "org.lwjgl:lwjgl-glfw:3.3.1"
    },
    {
      "downloads": {
        "artifact": {
          "path": "org/lwjgl/lwjgl-glfw/3.3.1/lwjgl-glfw-3.3.1-natives-windows.jar",
          "sha1": "ed892f945cf7e79c8756796f32d00fa4ceaf573b",
          "size": 145512,
          "url": "https://libraries.minecraft.net/org/lwjgl/lwjgl-glfw/3.3.1/lwjgl-glfw-3.3.1-natives-windows.jar"
        }
      },
      "name": "org.lwjgl:lwjgl-glfw:3.3.1:natives-windows",
      "rules": [
        {
          "action": "allow",
          "os": {
            "name": "windows"
          }
        }
      ]
    },
    {
      "downloads": {
        "artifact": {
          "path": "org/lwjgl/lwjgl-glfw/3.3.1/lwjgl-glfw-3.3.1-natives-windows-x86.jar",
          "sha1": "b997e3391d6ce8f05487e7335d95c606043884a1",
          "size": 139251,
          "url": "https://libraries.minecraft.net/org/lwjgl/lwjgl-glfw/3.3.1/lwjgl-glfw-3.3.1-natives-windows-x86.jar"
        }
      },
      "name": "org.lwjgl:lwjgl-glfw:3.3.1:natives-windows-x86",
      "rules": [
        {
          "action": "allow",
          "os": {
            "name": "windows"
          }
        }
      ]
    },
    {
      "downloads": {
        "artifact": {
          "path": "org/lwjgl/lwjgl-glfw/3.3.1/lwjgl-glfw-3.3.1-natives-linux.jar",
          "sha1": "81716978214ecbda15050ca394b06ef61501a49e",
          "size": 119817,
          "url": "https://libraries.minecraft.net/org/lwjgl/lwjgl-glfw/3.3.1/lwjgl-glfw-3.3.1-natives-linux.jar"
        }
      },
      "name": "org.lwjgl:lwjgl-glfw:3.3.1:natives-linux",
      "rules": [
        {
          "action": "allow",
          "os": {
            "name": "linux"
          }
        }
      ]
    },
    {
      "downloads": {
        "artifact": {
          "path": "org/lwjgl/lwjgl-glfw/3.3.1/lwjgl-glfw-3.3.1-natives-macos.jar",
          "sha1": "9ec4ce1fc8c85fdef03ef4ff2aace6f5775fb280",
          "size": 131655,
          "url": "https://libraries.minecraft.net/org/lwjgl/lwjgl-glfw/3.3.1/lwjgl-glfw-3.3.1-natives-macos.jar"
        }
      },
      "name": "org.lwjgl:lwjgl-glfw:3.3.1:natives-macos",
      "rules": [
        {
          "action": "allow",
          "os": {
            "name": "osx"
          }
        }
      ]
    },
    {
      "downloads": {
        "artifact": {
          "path": "org/lwjgl/lwjgl-glfw/3.3.1/lwjgl-glfw-3.3.1-natives-macos-arm64.jar",
          "sha1": "cac0d3f712a3da7641fa174735a5f315de7ffe0a",
          "size": 129077,
          "url": "https://libraries.minecraft.net/org/lwjgl/lwjgl-glfw/3.3.1/lwjgl-glfw-3.3.1-natives-macos-arm64.jar"
        }
      },
      "name": "org.lwjgl:lwjgl-glfw:3.3.1:natives-macos-arm64",
      "rules": [
        {
          "action": "allow",
          "os": {
            "name": "osx"
          }
        }
      ]
    },
    {
      "downloads": {
        "artifact": {
          "path": "org/lwjgl/lwjgl-stb/3.3.1/lwjgl-stb-3.3.1.jar",
          "sha1": "b119297cf8ed01f247abe8685857f8e7fcf5980f",
          "size": 112380,
          "url": "https://libraries.minecraft.net/org/lwjgl/lwjgl-stb/3.3.1/lwjgl-stb-3.3.1.jar"
        }
      },
      "name": "org.lwjgl:lwjgl-stb:3.3.1"
    },
    {
      "downloads": {
        "artifact": {
          "path": "org/lwjgl/lwjgl-stb/3.3.1/lwjgl-stb-3.3.1-natives-windows.jar",
          "sha1": "86315914ac119efdb02dc9e8e978ade84f1702af",
          "size": 256301,
          "url": "https://libraries.minecraft.net/org/lwjgl/lwjgl-stb/3.3.1/lwjgl-stb-3.3.1-natives-windows.jar"
        }
      },
      "name": "org.lwjgl:lwjgl-stb:3.3.1:natives-windows",
      "rules": [
        {
          "action": "allow",
          "os": {
            "name": "windows"
          }
        }
      ]
    },
    {
      "downloads": {
        "artifact": {
          "path": "org/lwjgl/lwjgl-stb/3.3.1/lwjgl-stb-3.3.1-natives-windows-x86.jar",
          "sha1": "a8d41f419eecb430b7c91ea2ce2c5c451cae2091",
          "size": 225147,
          "url": "https://libraries.minecraft.net/org/lwjgl/lwjgl-stb/3.3.1/lwjgl-stb-3.3.1-natives-windows-x86.jar"
        }
      },
      "name": "org.lwjgl:lwjgl-stb:3.3.1:natives-windows-x86",
      "rules": [
        {
          "action": "allow",
          "os": {
            "name": "windows"
          }
        }
      ]
    },
    {
      "downloads": {
        "artifact": {
          "path": "org/lwjgl/lwjgl-stb/3.3.1/lwjgl-stb-3.3.1-natives-linux.jar",
          "sha1": "3ee7aec8686e52867677110415566a5342a80230",
          "size": 227237,
          "url": "https://libraries.minecraft.net/org/lwjgl/lwjgl-stb/3.3.1/lwjgl-stb-3.3.1-natives-linux.jar"
        }
      },
      "name": "org.lwjgl:lwjgl-stb:3.3.1:natives-linux",
      "rules": [
        {
          "action": "allow",
          "os": {
            "name": "linux"
          }
        }
      ]
    },
    {
      "downloads": {
        "artifact": {
          "path": "org/lwjgl/lwjgl-stb/3.3.1/lwjgl-stb-3.3.1-natives-macos.jar",
          "sha1": "def8879b8d38a47a4cc1d48b1f9a7b772e51258e",
          "size": 203582,
          "url": "https://libraries.minecraft.net/org/lwjgl/lwjgl-stb/3.3.1/lwjgl-stb-3.3.1-natives-macos.jar"
        }
      },
      "name": "org.lwjgl:lwjgl-stb:3.3.1:natives-macos",
      "rules": [
        {
          "action": "allow",
          "os": {
            "name": "osx"
          }
        }
      ]
    },
    {
      "downloads": {
        "artifact": {
          "path": "org/lwjgl/lwjgl-stb/3.3.1/lwjgl-stb-3.3.1-natives-macos-arm64.jar",
          "sha1": "fcf073ed911752abdca5f0b00a53cfdf17ff8e8b",
          "size": 178408,
          "url": "https://libraries.minecraft.net/org/lwjgl/lwjgl-stb/3.3.1/lwjgl-stb-3.3.1-natives-macos-arm64.jar"
        }
      },
      "name": "org.lwjgl:lwjgl-stb:3.3.1:natives-macos-arm64",
      "rules": [
        {
          "action": "allow",
          "os": {
            "name": "osx"
          }
        }
      ]
    },
    {
      "downloads": {
        "artifact": {
          "path": "org/lwjgl/lwjgl-tinyfd/3.3.1/lwjgl-tinyfd-3.3.1.jar",
          "sha1": "0ff1914111ef2e3e0110ef2dabc8d8cdaad82347",
          "size": 6767,
          "url": "https://libraries.minecraft.net/org/lwjgl/lwjgl-tinyfd/3.3.1/lwjgl-tinyfd-3.3.1.jar"
        }
      },
      "name": "org.lwjgl:lwjgl-tinyfd:3.3.1"
    },
    {
      "downloads": {
        "artifact": {
          "path": "org/lwjgl/lwjgl-tinyfd/3.3.1/lwjgl-tinyfd-3.3.1-natives-windows.jar",
          "sha1": "a5d830475ec0958d9fdba1559efa99aef211e6ff",
          "size": 127930,
          "url": "https://libraries.minecraft.net/org/lwjgl/lwjgl-tinyfd/3.3.1/lwjgl-tinyfd-3.3.1-natives-windows.jar"
        }
      },
      "name": "org.lwjgl:lwjgl-tinyfd:3.3.1:natives-windows",
      "rules": [
        {
          "action": "allow",
          "os": {
            "name": "windows"
          }
        }
      ]
    },
    {
      "downloads": {
        "artifact": {
          "path": "org/lwjgl/lwjgl-tinyfd/3.3.1/lwjgl-tinyfd-3.3.1-natives-windows-x86.jar",
          "sha1": "842eedd876fae354abc308c98a263f6bbc9e8a4d",
          "size": 110042,
          "url": "https://libraries.minecraft.net/org/lwjgl/lwjgl-tinyfd/3.3.1/lwjgl-tinyfd-3.3.1-natives-windows-x86.jar"
        }
      },
      "name": "org.lwjgl:lwjgl-tinyfd:3.3.1:natives-windows-x86",
      "rules": [
        {
          "action": "allow",
          "os": {
            "name": "windows"
          }
        }
      ]
    },
    {
      "downloads": {
        "artifact": {
          "path": "org/lwjgl/lwjgl-tinyfd/3.3.1/lwjgl-tinyfd-3.3.1-natives-linux.jar",
          "sha1": "a35110b9471bea8cde826ab297550ee8c22f5035",
          "size": 45389,
          "url": "https://libraries.minecraft.net/org/lwjgl/lwjgl-tinyfd/3.3.1/lwjgl-tinyfd-3.3.1-natives-linux.jar"
        }
      },
      "name": "org.lwjgl:lwjgl-tinyfd:3.3.1:natives-linux",
      "rules": [
        {
          "action": "allow",
          "os": {
            "name": "linux"
          }
        }
      ]
    },
    {
      "downloads": {
        "artifact": {
          "path": "org/lwjgl/lwjgl-tinyfd/3.3.1/lwjgl-tinyfd-3.3.1-natives-macos.jar",
          "sha1": "78641a0fa5e9afa714adfdd152c357930c97a1ce",
          "size": 44821,
          "url": "https://libraries.minecraft.net/org/lwjgl/lwjgl-tinyfd/3.3.1/lwjgl-tinyfd-3.3.1-natives-macos.jar"
        }
      },
      "name": "org.lwjgl:lwjgl-tinyfd:3.3.1:natives-macos",
      "rules": [
        {
          "action": "allow",
          "os": {
            "name": "osx"
          }
        }
      ]
    },
    {
      "downloads": {
        "artifact": {
          "path": "org/lwjgl/lwjgl-tinyfd/3.3.1/lwjgl-tinyfd-3.3.1-natives-macos-arm64.jar",
          "sha1": "972ecc17bad3571e81162153077b4d47b7b9eaa9",
          "size": 41380,
          "url": "https://libraries.minecraft.net/org/lwjgl/lwjgl-tinyfd/3.3.1/lwjgl-tinyfd-3.3.1-natives-macos-arm64.jar"
        }
      },
      "name": "org.lwjgl:lwjgl-tinyfd:3.3.1:natives-macos-arm64",
      "rules": [
        {
          "action": "allow",
          "os": {
            "name": "osx"
          }
        }
      ]
    },
    {
      "downloads": {
        "artifact": {
          "path": "ca/weblite/java-objc-bridge/1.1/java-objc-bridge-1.1.jar",
          "sha1": "1227f9e0666314f9de41477e3ec277e542ed7f7b",
          "size": 1330045,
          "url": "https://libraries.minecraft.net/ca/weblite/java-objc-bridge/1.1/java-objc-bridge-1.1.jar"
        }
      },
      "name": "ca.weblite:java-objc-bridge:1.1",
      "rules": [
        {
          "action": "allow",
          "os": {
            "name": "osx"
          }
        }
      ]
    },
    {
      "downloads": {
        "artifact": {
          "path": "com/mojang/text2speech/1.16.7/text2speech-1.16.7.jar",
          "sha1": "ee4095669061d1fe4bce5fea23d69d1520bc2d58",
          "size": 12279,
          "url": "https://libraries.minecraft.net/com/mojang/text2speech/1.16.7/text2speech-1.16.7.jar"
        }
      },
      "name": "com.mojang:text2speech:1.16.7"
    },
    {
      "downloads": {
        "artifact": {
          "path": "org/lwjgl/lwjgl-glfw/3.3.1/lwjgl-glfw-3.3.1-natives-windows-arm64.jar",
          "sha1": "beda65ee503443e60aa196d58ed31f8d001dc22a",
          "size": 123808,
          "url": "https://libraries.minecraft.net/org/lwjgl/lwjgl-glfw/3.3.1/lwjgl-glfw-3.3.1-natives-windows-arm64.jar"
        }
      },
      "name": "org.lwjgl:lwjgl-glfw:3.3.1:natives-windows-arm64",
      "rules": [
        {
          "action": "allow",
          "os": {
            "name": "windows"
          }
        }
      ]
    },
    {
      "downloads": {
        "artifact": {
          "path": "org/lwjgl/lwjgl-jemalloc/3.3.1/lwjgl-jemalloc-3.3.1-natives-windows-arm64.jar",
          "sha1": "cae85c4edb219c88b6a0c26a87955ad98dc9519d",
          "size": 114250,
          "url": "https://libraries.minecraft.net/org/lwjgl/lwjgl-jemalloc/3.3.1/lwjgl-jemalloc-3.3.1-natives-windows-arm64.jar"
        }
      },
      "name": "org.lwjgl:lwjgl-jemalloc:3.3.1:natives-windows-arm64",
      "rules": [
        {
          "action": "allow",
          "os": {
            "name": "windows"
          }
        }
      ]
    },
    {
      "downloads": {
        "artifact": {
          "path": "org/lwjgl/lwjgl-openal/3.3.1/lwjgl-openal-3.3.1-natives-windows-arm64.jar",
          "sha1": "40d65f1a7368a2aa47336f9cb69f5a190cf9975a",
          "size": 505234,
          "url": "https://libraries.minecraft.net/org/lwjgl/lwjgl-openal/3.3.1/lwjgl-openal-3.3.1-natives-windows-arm64.jar"
        }
      },
      "name": "org.lwjgl:lwjgl-openal:3.3.1:natives-windows-arm64",
      "rules": [
        {
          "action": "allow",
          "os": {
            "name": "windows"
          }
        }
      ]
    },
    {
      "downloads": {
        "artifact": {
          "path": "org/lwjgl/lwjgl-opengl/3.3.1/lwjgl-opengl-3.3.1-natives-windows-arm64.jar",
          "sha1": "527d78f1e9056aff3ed02ce93019c73c5e8f1721",
          "size": 82445,
          "url": "https://libraries.minecraft.net/org/lwjgl/lwjgl-opengl/3.3.1/lwjgl-opengl-3.3.1-natives-windows-arm64.jar"
        }
      },
      "name": "org.lwjgl:lwjgl-opengl:3.3.1:natives-windows-arm64",
      "rules": [
        {
          "action": "allow",
          "os": {
            "name": "windows"
          }
        }
      ]
    },
    {
      "downloads": {
        "artifact": {
          "path": "org/lwjgl/lwjgl-stb/3.3.1/lwjgl-stb-3.3.1-natives-windows-arm64.jar",
          "sha1": "fde63cdd2605c00636721a6c8b961e41d1f6b247",
          "size": 216848,
          "url": "https://libraries.minecraft.net/org/lwjgl/lwjgl-stb/3.3.1/lwjgl-stb-3.3.1-natives-windows-arm64.jar"
        }
      },
      "name": "org.lwjgl:lwjgl-stb:3.3.1:natives-windows-arm64",
      "rules": [
        {
          "action": "allow",
          "os": {
            "name": "windows"
          }
        }
      ]
    },
    {
      "downloads": {
        "artifact": {
          "path": "org/lwjgl/lwjgl-tinyfd/3.3.1/lwjgl-tinyfd-3.3.1-natives-windows-arm64.jar",
          "sha1": "83a5e780df610829ff3a737822b4f931cffecd91",
          "size": 109139,
          "url": "https://libraries.minecraft.net/org/lwjgl/lwjgl-tinyfd/3.3.1/lwjgl-tinyfd-3.3.1-natives-windows-arm64.jar"
        }
      },
      "name": "org.lwjgl:lwjgl-tinyfd:3.3.1:natives-windows-arm64",
      "rules": [
        {
          "action": "allow",
          "os": {
            "name": "windows"
          }
        }
      ]
    },
    {
      "downloads": {
        "artifact": {
          "path": "org/lwjgl/lwjgl/3.3.1/lwjgl-3.3.1-natives-windows-arm64.jar",
          "sha1": "0f46cadcf95675908fd3a550d63d9d709cb68998",
          "size": 130064,
          "url": "https://libraries.minecraft.net/org/lwjgl/lwjgl/3.3.1/lwjgl-3.3.1-natives-windows-arm64.jar"
        }
      },
      "name": "org.lwjgl:lwjgl:3.3.1:natives-windows-arm64",
      "rules": [
        {
          "action": "allow",
          "os": {
            "name": "windows"
          }
        }
      ]
    },
    {
      "name": "cpw.mods:securejarhandler:2.1.4",
      "downloads": {
        "artifact": {
          "path": "cpw/mods/securejarhandler/2.1.4/securejarhandler-2.1.4.jar",
          "url": "https://maven.minecraftforge.net/cpw/mods/securejarhandler/2.1.4/securejarhandler-2.1.4.jar",
          "sha1": "f47e3b9dd860a7b82154b8f90a650ffd0aaa5582",
          "size": 87315
        }
      }
    },
    {
      "name": "org.ow2.asm:asm:9.3",
      "downloads": {
        "artifact": {
          "path": "org/ow2/asm/asm/9.3/asm-9.3.jar",
          "url": "https://maven.minecraftforge.net/org/ow2/asm/asm/9.3/asm-9.3.jar",
          "sha1": "8e6300ef51c1d801a7ed62d07cd221aca3a90640",
          "size": 122176
        }
      }
    },
    {
      "name": "org.ow2.asm:asm-commons:9.3",
      "downloads": {
        "artifact": {
          "path": "org/ow2/asm/asm-commons/9.3/asm-commons-9.3.jar",
          "url": "https://maven.minecraftforge.net/org/ow2/asm/asm-commons/9.3/asm-commons-9.3.jar",
          "sha1": "1f2a432d1212f5c352ae607d7b61dcae20c20af5",
          "size": 72716
        }
      }
    },
    {
      "name": "org.ow2.asm:asm-tree:9.3",
      "downloads": {
        "artifact": {
          "path": "org/ow2/asm/asm-tree/9.3/asm-tree-9.3.jar",
          "url": "https://maven.minecraftforge.net/org/ow2/asm/asm-tree/9.3/asm-tree-9.3.jar",
          "sha1": "78d2ecd61318b5a58cd04fb237636c0e86b77d97",
          "size": 52669
        }
      }
    },
    {
      "name": "org.ow2.asm:asm-util:9.3",
      "downloads": {
        "artifact": {
          "path": "org/ow2/asm/asm-util/9.3/asm-util-9.3.jar",
          "url": "https://maven.minecraftforge.net/org/ow2/asm/asm-util/9.3/asm-util-9.3.jar",
          "sha1": "9595bc05510d0bd4b610188b77333fe4851a1975",
          "size": 85682
        }
      }
    },
    {
      "name": "org.ow2.asm:asm-analysis:9.3",
      "downloads": {
        "artifact": {
          "path": "org/ow2/asm/asm-analysis/9.3/asm-analysis-9.3.jar",
          "url": "https://maven.minecraftforge.net/org/ow2/asm/asm-analysis/9.3/asm-analysis-9.3.jar",
          "sha1": "4b071f211b37c38e0e9f5998550197c8593f6ad8",
          "size": 34276
        }
      }
    },
    {
      "name": "net.minecraftforge:accesstransformers:8.0.4",
      "downloads": {
        "artifact": {
          "path": "net/minecraftforge/accesstransformers/8.0.4/accesstransformers-8.0.4.jar",
          "url": "https://maven.minecraftforge.net/net/minecraftforge/accesstransformers/8.0.4/accesstransformers-8.0.4.jar",
          "sha1": "272d240aa73f42195b2a68e2ebd8b701ecf41f63",
          "size": 77756
        }
      }
    },
    {
      "name": "org.antlr:antlr4-runtime:4.9.1",
      "downloads": {
        "artifact": {
          "path": "org/antlr/antlr4-runtime/4.9.1/antlr4-runtime-4.9.1.jar",
          "url": "https://maven.minecraftforge.net/org/antlr/antlr4-runtime/4.9.1/antlr4-runtime-4.9.1.jar",
          "sha1": "428664f05d2b7f7b7610204b5aa7c1763f62011a",
          "size": 337868
        }
      }
    },
    {
      "name": "net.minecraftforge:eventbus:6.0.3",
      "downloads": {
        "artifact": {
          "path": "net/minecraftforge/eventbus/6.0.3/eventbus-6.0.3.jar",
          "url": "https://maven.minecraftforge.net/net/minecraftforge/eventbus/6.0.3/eventbus-6.0.3.jar",
          "sha1": "42fe522ace1bbcbcbba9c880c42411857baf36a9",
          "size": 52624
        }
      }
    },
    {
      "name": "net.minecraftforge:forgespi:6.0.0",
      "downloads": {
        "artifact": {
          "path": "net/minecraftforge/forgespi/6.0.0/forgespi-6.0.0.jar",
          "url": "https://maven.minecraftforge.net/net/minecraftforge/forgespi/6.0.0/forgespi-6.0.0.jar",
          "sha1": "4a2004591666531f8b30d3402317b1ff6411bd3e",
          "size": 32714
        }
      }
    },
    {
      "name": "net.minecraftforge:coremods:5.0.1",
      "downloads": {
        "artifact": {
          "path": "net/minecraftforge/coremods/5.0.1/coremods-5.0.1.jar",
          "url": "https://maven.minecraftforge.net/net/minecraftforge/coremods/5.0.1/coremods-5.0.1.jar",
          "sha1": "386b00279628b105b2d507539c46e134e96f6237",
          "size": 24199
        }
      }
    },
    {
      "name": "cpw.mods:modlauncher:10.0.8",
      "downloads": {
        "artifact": {
          "path": "cpw/mods/modlauncher/10.0.8/modlauncher-10.0.8.jar",
          "url": "https://maven.minecraftforge.net/cpw/mods/modlauncher/10.0.8/modlauncher-10.0.8.jar",
          "sha1": "658c4ddb704aeeaa94ff3e668785a5eebddd0cb5",
          "size": 130263
        }
      }
    },
    {
      "name": "net.minecraftforge:unsafe:0.2.0",
      "downloads": {
        "artifact": {
          "path": "net/minecraftforge/unsafe/0.2.0/unsafe-0.2.0.jar",
          "url": "https://maven.minecraftforge.net/net/minecraftforge/unsafe/0.2.0/unsafe-0.2.0.jar",
          "sha1": "54d7a0a5e8fdb71b973025caa46f341ae5904f39",
          "size": 2834
        }
      }
    },
    {
      "name": "com.electronwill.night-config:core:3.6.4",
      "downloads": {
        "artifact": {
          "path": "com/electronwill/night-config/core/3.6.4/core-3.6.4.jar",
          "url": "https://maven.minecraftforge.net/com/electronwill/night-config/core/3.6.4/core-3.6.4.jar",
          "sha1": "510f174abbf1c947494db50ef2445683bd52c230",
          "size": 199834
        }
      }
    },
    {
      "name": "com.electronwill.night-config:toml:3.6.4",
      "downloads": {
        "artifact": {
          "path": "com/electronwill/night-config/toml/3.6.4/toml-3.6.4.jar",
          "url": "https://maven.minecraftforge.net/com/electronwill/night-config/toml/3.6.4/toml-3.6.4.jar",
          "sha1": "51d6cefb2b55ee55ee26b16391212fb2c7dfb4f4",
          "size": 31816
        }
      }
    },
    {
      "name": "org.apache.maven:maven-artifact:3.8.5",
      "downloads": {
        "artifact": {
          "path": "org/apache/maven/maven-artifact/3.8.5/maven-artifact-3.8.5.jar",
          "url": "https://maven.minecraftforge.net/org/apache/maven/maven-artifact/3.8.5/maven-artifact-3.8.5.jar",
          "sha1": "4433f50c07debefaed0553bd0068f4f48d449313",
          "size": 58077
        }
      }
    },
    {
      "name": "net.jodah:typetools:0.8.3",
      "downloads": {
        "artifact": {
          "path": "net/jodah/typetools/0.8.3/typetools-0.8.3.jar",
          "url": "https://maven.minecraftforge.net/net/jodah/typetools/0.8.3/typetools-0.8.3.jar",
          "sha1": "98f84f353457629e81cc6827224871b1a8faa7af",
          "size": 15425
        }
      }
    },
    {
      "name": "net.minecrell:terminalconsoleappender:1.2.0",
      "downloads": {
        "artifact": {
          "path": "net/minecrell/terminalconsoleappender/1.2.0/terminalconsoleappender-1.2.0.jar",
          "url": "https://maven.minecraftforge.net/net/minecrell/terminalconsoleappender/1.2.0/terminalconsoleappender-1.2.0.jar",
          "sha1": "96d02cd3b384ff015a8fef4223bcb4ccf1717c95",
          "size": 15977
        }
      }
    },
    {
      "name": "org.jline:jline-reader:3.12.1",
      "downloads": {
        "artifact": {
          "path": "org/jline/jline-reader/3.12.1/jline-reader-3.12.1.jar",
          "url": "https://maven.minecraftforge.net/org/jline/jline-reader/3.12.1/jline-reader-3.12.1.jar",
          "sha1": "4382ab1382c7b6f379377ed5f665dc2f6e1218bc",
          "size": 150765
        }
      }
    },
    {
      "name": "org.jline:jline-terminal:3.12.1",
      "downloads": {
        "artifact": {
          "path": "org/jline/jline-terminal/3.12.1/jline-terminal-3.12.1.jar",
          "url": "https://maven.minecraftforge.net/org/jline/jline-terminal/3.12.1/jline-terminal-3.12.1.jar",
          "sha1": "c777448314e050d980a6b697c140f3bfe9eb7416",
          "size": 211712
        }
      }
    },
    {
      "name": "org.spongepowered:mixin:0.8.5",
      "downloads": {
        "artifact": {
          "path": "org/spongepowered/mixin/0.8.5/mixin-0.8.5.jar",
          "url": "https://maven.minecraftforge.net/org/spongepowered/mixin/0.8.5/mixin-0.8.5.jar",
          "sha1": "9d1c0c3a304ae6697ecd477218fa61b850bf57fc",
          "size": 1089277
        }
      }
    },
    {
      "name": "org.openjdk.nashorn:nashorn-core:15.3",
      "downloads": {
        "artifact": {
          "path": "org/openjdk/nashorn/nashorn-core/15.3/nashorn-core-15.3.jar",
          "url": "https://maven.minecraftforge.net/org/openjdk/nashorn/nashorn-core/15.3/nashorn-core-15.3.jar",
          "sha1": "43977e804697048fc8d81d333a36c17d07a5b3dd",
          "size": 2167288
        }
      }
    },
    {
      "name": "net.minecraftforge:JarJarSelector:0.3.16",
      "downloads": {
        "artifact": {
          "path": "net/minecraftforge/JarJarSelector/0.3.16/JarJarSelector-0.3.16.jar",
          "url": "https://maven.minecraftforge.net/net/minecraftforge/JarJarSelector/0.3.16/JarJarSelector-0.3.16.jar",
          "sha1": "2a31421fb5e267249da103a644f23afb43d158af",
          "size": 17374
        }
      }
    },
    {
      "name": "net.minecraftforge:JarJarMetadata:0.3.16",
      "downloads": {
        "artifact": {
          "path": "net/minecraftforge/JarJarMetadata/0.3.16/JarJarMetadata-0.3.16.jar",
          "url": "https://maven.minecraftforge.net/net/minecraftforge/JarJarMetadata/0.3.16/JarJarMetadata-0.3.16.jar",
          "sha1": "f62c8c898dffc8666f5097a8587ed72095e8e83a",
          "size": 15242
        }
      }
    },
    {
      "name": "cpw.mods:bootstraplauncher:1.1.2",
      "downloads": {
        "artifact": {
          "path": "cpw/mods/bootstraplauncher/1.1.2/bootstraplauncher-1.1.2.jar",
          "url": "https://maven.minecraftforge.net/cpw/mods/bootstraplauncher/1.1.2/bootstraplauncher-1.1.2.jar",
          "sha1": "0c546e00443d8432cda6baa1c860346980742628",
          "size": 8284
        }
      }
    },
    {
      "name": "net.minecraftforge:JarJarFileSystems:0.3.16",
      "downloads": {
        "artifact": {
          "path": "net/minecraftforge/JarJarFileSystems/0.3.16/JarJarFileSystems-0.3.16.jar",
          "url": "https://maven.minecraftforge.net/net/minecraftforge/JarJarFileSystems/0.3.16/JarJarFileSystems-0.3.16.jar",
          "sha1": "e52afbb2599dc7c6f779efea0496d32fc01152e3",
          "size": 32052
        }
      }
    },
    {
      "name": "net.minecraftforge:fmlloader:1.19.2-43.2.0",
      "downloads": {
        "artifact": {
          "path": "net/minecraftforge/fmlloader/1.19.2-43.2.0/fmlloader-1.19.2-43.2.0.jar",
          "url": "https://maven.minecraftforge.net/net/minecraftforge/fmlloader/1.19.2-43.2.0/fmlloader-1.19.2-43.2.0.jar",
          "sha1": "3e6e8b7b5e1dbc6ee01a20f74675f223b64c7847",
          "size": 261074
        }
      }
    }
  ],
  "logging": {
    "client": {
      "argument": "-Dlog4j.configurationFile=${path}",
      "file": {
        "id": "client-1.12.xml",
        "sha1": "bd65e7d2e3c237be76cfbef4c2405033d7f91521",
        "size": 888,
        "url": "https://piston-data.mojang.com/v1/objects/bd65e7d2e3c237be76cfbef4c2405033d7f91521/client-1.12.xml"
      },
      "type": "log4j2-xml"
    }
  },
  "mainClass": "cpw.mods.bootstraplauncher.BootstrapLauncher",
  "minimumLauncherVersion": 21,
  "releaseTime": "2022-08-05T19:57:05+08:00",
  "time": "2022-08-05T19:57:05+08:00",
  "type": "release",
  "clientVersion": "1.19.2",
  "minecraftArguments": ""
}