{
  "assetIndex": {
    "id": "1.7.10",
    "sha1": "1863782e33ce7b584fc45b037325a1964e095d3e",
    "size": 72996,
    "totalSize": 112396854,
    "url": "https://launchermeta.mojang.com/v1/packages/1863782e33ce7b584fc45b037325a1964e095d3e/1.7.10.json"
  },
  "assets": "1.7.10",
  "complianceLevel": 0,
  "downloads": {
    "client": {
      "sha1": "e80d9b3bf5085002218d4be59e668bac718abbc6",
      "size": 5256245,
      "url": "https://launcher.mojang.com/v1/objects/e80d9b3bf5085002218d4be59e668bac718abbc6/client.jar"
    },
    "server": {
      "sha1": "952438ac4e01b4d115c5fc38f891710c4941df29",
      "size": 9605030,
      "url": "https://launcher.mojang.com/v1/objects/952438ac4e01b4d115c5fc38f891710c4941df29/server.jar"
    },
    "windows_server": {
      "sha1": "a79b91ef69b9b4af63d1c7007f60259106869b21",
      "size": 9999270,
      "url": "https://launcher.mojang.com/v1/objects/a79b91ef69b9b4af63d1c7007f60259106869b21/windows_server.exe"
    }
  },
  "id": "1.7.10-Forge_10.13.4.1614-LiteLoader-OptiFine_E7",
  "javaVersion": {
    "component": "jre-legacy",
    "majorVersion": 8
  },
  "libraries": [
    {
      "downloads": {
        "artifact": {
          "path": "com/mojang/netty/1.8.8/netty-1.8.8.jar",
          "sha1": "0a796914d1c8a55b4da9f4a8856dd9623375d8bb",
          "size": 15966,
          "url": "https://libraries.minecraft.net/com/mojang/netty/1.8.8/netty-1.8.8.jar"
        }
      },
      "name": "com.mojang:netty:1.8.8"
    },
    {
      "downloads": {
        "artifact": {
          "path": "com/mojang/realms/1.3.5/realms-1.3.5.jar",
          "sha1": "0807ae355ee63583becd7ea60e76aab1532bb42e",
          "size": 353818,
          "url": "https://libraries.minecraft.net/com/mojang/realms/1.3.5/realms-1.3.5.jar"
        }
      },
      "name": "com.mojang:realms:1.3.5"
    },
    {
      "downloads": {
        "artifact": {
          "path": "org/apache/commons/commons-compress/1.8.1/commons-compress-1.8.1.jar",
          "sha1": "a698750c16740fd5b3871425f4cb3bbaa87f529d",
          "size": 365552,
          "url": "https://libraries.minecraft.net/org/apache/commons/commons-compress/1.8.1/commons-compress-1.8.1.jar"
        }
      },
      "name": "org.apache.commons:commons-compress:1.8.1"
    },
    {
      "downloads": {
        "artifact": {
          "path": "org/apache/httpcomponents/httpclient/4.3.3/httpclient-4.3.3.jar",
          "sha1": "18f4247ff4572a074444572cee34647c43e7c9c7",
          "size": 589512,
          "url": "https://libraries.minecraft.net/org/apache/httpcomponents/httpclient/4.3.3/httpclient-4.3.3.jar"
        }
      },
      "name": "org.apache.httpcomponents:httpclient:4.3.3"
    },
    {
      "downloads": {
        "artifact": {
          "path": "commons-logging/commons-logging/1.1.3/commons-logging-1.1.3.jar",
          "sha1": "f6f66e966c70a83ffbdb6f17a0919eaf7c8aca7f",
          "size": 62050,
          "url": "https://libraries.minecraft.net/commons-logging/commons-logging/1.1.3/commons-logging-1.1.3.jar"
        }
      },
      "name": "commons-logging:commons-logging:1.1.3"
    },
    {
      "downloads": {
        "artifact": {
          "path": "org/apache/httpcomponents/httpcore/4.3.2/httpcore-4.3.2.jar",
          "sha1": "31fbbff1ddbf98f3aa7377c94d33b0447c646b6e",
          "size": 282269,
          "url": "https://libraries.minecraft.net/org/apache/httpcomponents/httpcore/4.3.2/httpcore-4.3.2.jar"
        }
      },
      "name": "org.apache.httpcomponents:httpcore:4.3.2"
    },
    {
      "downloads": {
        "artifact": {
          "path": "java3d/vecmath/1.3.1/vecmath-1.3.1.jar",
          "sha1": "a0ae4f51da409fa0c20fa0ca59e6bbc9413ae71d",
          "size": 289881,
          "url": "https://libraries.minecraft.net/java3d/vecmath/1.3.1/vecmath-1.3.1.jar"
        }
      },
      "name": "java3d:vecmath:1.3.1"
    },
    {
      "downloads": {
        "artifact": {
          "path": "net/sf/trove4j/trove4j/3.0.3/trove4j-3.0.3.jar",
          "sha1": "42ccaf4761f0dfdfa805c9e340d99a755907e2dd",
          "size": 2523218,
          "url": "https://libraries.minecraft.net/net/sf/trove4j/trove4j/3.0.3/trove4j-3.0.3.jar"
        }
      },
      "name": "net.sf.trove4j:trove4j:3.0.3"
    },
    {
      "downloads": {
        "artifact": {
          "path": "com/ibm/icu/icu4j-core-mojang/51.2/icu4j-core-mojang-51.2.jar",
          "sha1": "63d216a9311cca6be337c1e458e587f99d382b84",
          "size": 1634692,
          "url": "https://libraries.minecraft.net/com/ibm/icu/icu4j-core-mojang/51.2/icu4j-core-mojang-51.2.jar"
        }
      },
      "name": "com.ibm.icu:icu4j-core-mojang:51.2"
    },
    {
      "downloads": {
        "artifact": {
          "path": "net/sf/jopt-simple/jopt-simple/4.5/jopt-simple-4.5.jar",
          "sha1": "6065cc95c661255349c1d0756657be17c29a4fd3",
          "size": 61311,
          "url": "https://libraries.minecraft.net/net/sf/jopt-simple/jopt-simple/4.5/jopt-simple-4.5.jar"
        }
      },
      "name": "net.sf.jopt-simple:jopt-simple:4.5"
    },
    {
      "downloads": {
        "artifact": {
          "path": "com/paulscode/codecjorbis/20101023/codecjorbis-20101023.jar",
          "sha1": "c73b5636faf089d9f00e8732a829577de25237ee",
          "size": 103871,
          "url": "https://libraries.minecraft.net/com/paulscode/codecjorbis/20101023/codecjorbis-20101023.jar"
        }
      },
      "name": "com.paulscode:codecjorbis:20101023"
    },
    {
      "downloads": {
        "artifact": {
          "path": "com/paulscode/codecwav/20101023/codecwav-20101023.jar",
          "sha1": "12f031cfe88fef5c1dd36c563c0a3a69bd7261da",
          "size": 5618,
          "url": "https://libraries.minecraft.net/com/paulscode/codecwav/20101023/codecwav-20101023.jar"
        }
      },
      "name": "com.paulscode:codecwav:20101023"
    },
    {
      "downloads": {
        "artifact": {
          "path": "com/paulscode/libraryjavasound/20101123/libraryjavasound-20101123.jar",
          "sha1": "5c5e304366f75f9eaa2e8cca546a1fb6109348b3",
          "size": 21679,
          "url": "https://libraries.minecraft.net/com/paulscode/libraryjavasound/20101123/libraryjavasound-20101123.jar"
        }
      },
      "name": "com.paulscode:libraryjavasound:20101123"
    },
    {
      "downloads": {
        "artifact": {
          "path": "com/paulscode/librarylwjglopenal/20100824/librarylwjglopenal-20100824.jar",
          "sha1": "73e80d0794c39665aec3f62eee88ca91676674ef",
          "size": 18981,
          "url": "https://libraries.minecraft.net/com/paulscode/librarylwjglopenal/20100824/librarylwjglopenal-20100824.jar"
        }
      },
      "name": "com.paulscode:librarylwjglopenal:20100824"
    },
    {
      "downloads": {
        "artifact": {
          "path": "com/paulscode/soundsystem/20120107/soundsystem-20120107.jar",
          "sha1": "419c05fe9be71f792b2d76cfc9b67f1ed0fec7f6",
          "size": 65020,
          "url": "https://libraries.minecraft.net/com/paulscode/soundsystem/20120107/soundsystem-20120107.jar"
        }
      },
      "name": "com.paulscode:soundsystem:20120107"
    },
    {
      "downloads": {
        "artifact": {
          "path": "io/netty/netty-all/4.0.10.Final/netty-all-4.0.10.Final.jar",
          "sha1": "9e50bd52ffe257a0e2cd8d971688d6ce7d174325",
          "size": 1452995,
          "url": "https://libraries.minecraft.net/io/netty/netty-all/4.0.10.Final/netty-all-4.0.10.Final.jar"
        }
      },
      "name": "io.netty:netty-all:4.0.10.Final"
    },
    {
      "downloads": {
        "artifact": {
          "path": "com/google/guava/guava/15.0/guava-15.0.jar",
          "sha1": "ed727a8d9f247e2050281cb083f1c77b09dcb5cd",
          "size": 2172168,
          "url": "https://libraries.minecraft.net/com/google/guava/guava/15.0/guava-15.0.jar"
        }
      },
      "name": "com.google.guava:guava:15.0"
    },
    {
      "downloads": {
        "artifact": {
          "path": "org/apache/commons/commons-lang3/3.1/commons-lang3-3.1.jar",
          "sha1": "905075e6c80f206bbe6cf1e809d2caa69f420c76",
          "size": 315805,
          "url": "https://libraries.minecraft.net/org/apache/commons/commons-lang3/3.1/commons-lang3-3.1.jar"
        }
      },
      "name": "org.apache.commons:commons-lang3:3.1"
    },
    {
      "downloads": {
        "artifact": {
          "path": "commons-io/commons-io/2.4/commons-io-2.4.jar",
          "sha1": "b1b6ea3b7e4aa4f492509a4952029cd8e48019ad",
          "size": 185140,
          "url": "https://libraries.minecraft.net/commons-io/commons-io/2.4/commons-io-2.4.jar"
        }
      },
      "name": "commons-io:commons-io:2.4"
    },
    {
      "downloads": {
        "artifact": {
          "path": "commons-codec/commons-codec/1.9/commons-codec-1.9.jar",
          "sha1": "9ce04e34240f674bc72680f8b843b1457383161a",
          "size": 263965,
          "url": "https://libraries.minecraft.net/commons-codec/commons-codec/1.9/commons-codec-1.9.jar"
        }
      },
      "name": "commons-codec:commons-codec:1.9"
    },
    {
      "downloads": {
        "artifact": {
          "path": "net/java/jinput/jinput/2.0.5/jinput-2.0.5.jar",
          "sha1": "39c7796b469a600f72380316f6b1f11db6c2c7c4",
          "size": 208338,
          "url": "https://libraries.minecraft.net/net/java/jinput/jinput/2.0.5/jinput-2.0.5.jar"
        }
      },
      "name": "net.java.jinput:jinput:2.0.5"
    },
    {
      "downloads": {
        "artifact": {
          "path": "net/java/jutils/jutils/1.0.0/jutils-1.0.0.jar",
          "sha1": "e12fe1fda814bd348c1579329c86943d2cd3c6a6",
          "size": 7508,
          "url": "https://libraries.minecraft.net/net/java/jutils/jutils/1.0.0/jutils-1.0.0.jar"
        }
      },
      "name": "net.java.jutils:jutils:1.0.0"
    },
    {
      "downloads": {
        "artifact": {
          "path": "com/google/code/gson/gson/2.2.4/gson-2.2.4.jar",
          "sha1": "a60a5e993c98c864010053cb901b7eab25306568",
          "size": 190432,
          "url": "https://libraries.minecraft.net/com/google/code/gson/gson/2.2.4/gson-2.2.4.jar"
        }
      },
      "name": "com.google.code.gson:gson:2.2.4"
    },
    {
      "downloads": {
        "artifact": {
          "path": "com/mojang/authlib/1.5.21/authlib-1.5.21.jar",
          "sha1": "aefba0d5b53fbcb70860bc8046ab95d5854c07a5",
          "size": 64412,
          "url": "https://libraries.minecraft.net/com/mojang/authlib/1.5.21/authlib-1.5.21.jar"
        }
      },
      "name": "com.mojang:authlib:1.5.21"
    },
    {
      "downloads": {
        "artifact": {
          "path": "org/apache/logging/log4j/log4j-api/2.0-beta9/log4j-api-2.0-beta9.jar",
          "sha1": "1dd66e68cccd907880229f9e2de1314bd13ff785",
          "size": 108161,
          "url": "https://libraries.minecraft.net/org/apache/logging/log4j/log4j-api/2.0-beta9/log4j-api-2.0-beta9.jar"
        }
      },
      "name": "org.apache.logging.log4j:log4j-api:2.0-beta9"
    },
    {
      "downloads": {
        "artifact": {
          "path": "org/apache/logging/log4j/log4j-core/2.0-beta9/log4j-core-2.0-beta9.jar",
          "sha1": "678861ba1b2e1fccb594bb0ca03114bb05da9695",
          "size": 681134,
          "url": "https://libraries.minecraft.net/org/apache/logging/log4j/log4j-core/2.0-beta9/log4j-core-2.0-beta9.jar"
        }
      },
      "name": "org.apache.logging.log4j:log4j-core:2.0-beta9"
    },
    {
      "downloads": {
        "artifact": {
          "path": "org/lwjgl/lwjgl/lwjgl/2.9.1/lwjgl-2.9.1.jar",
          "sha1": "f58c5aabcef0e41718a564be9f8e412fff8db847",
          "size": 1014790,
          "url": "https://libraries.minecraft.net/org/lwjgl/lwjgl/lwjgl/2.9.1/lwjgl-2.9.1.jar"
        }
      },
      "name": "org.lwjgl.lwjgl:lwjgl:2.9.1"
    },
    {
      "downloads": {
        "artifact": {
          "path": "org/lwjgl/lwjgl/lwjgl_util/2.9.1/lwjgl_util-2.9.1.jar",
          "sha1": "290d7ba8a1bd9566f5ddf16ad06f09af5ec9b20e",
          "size": 173909,
          "url": "https://libraries.minecraft.net/org/lwjgl/lwjgl/lwjgl_util/2.9.1/lwjgl_util-2.9.1.jar"
        }
      },
      "name": "org.lwjgl.lwjgl:lwjgl_util:2.9.1"
    },
    {
      "downloads": {
        "classifiers": {
          "natives-linux": {
            "path": "org/lwjgl/lwjgl/lwjgl-platform/2.9.1/lwjgl-platform-2.9.1-natives-linux.jar",
            "sha1": "aa9aae879af8eb378e22cfc64db56ec2ca9a44d1",
            "size": 571424,
            "url": "https://libraries.minecraft.net/org/lwjgl/lwjgl/lwjgl-platform/2.9.1/lwjgl-platform-2.9.1-natives-linux.jar"
          },
          "natives-osx": {
            "path": "org/lwjgl/lwjgl/lwjgl-platform/2.9.1/lwjgl-platform-2.9.1-natives-osx.jar",
            "sha1": "2d12c83fdfbc04ecabf02c7bc8cc54d034f0daac",
            "size": 527196,
            "url": "https://libraries.minecraft.net/org/lwjgl/lwjgl/lwjgl-platform/2.9.1/lwjgl-platform-2.9.1-natives-osx.jar"
          },
          "natives-windows": {
            "path": "org/lwjgl/lwjgl/lwjgl-platform/2.9.1/lwjgl-platform-2.9.1-natives-windows.jar",
            "sha1": "4c517eca808522457dd95ee8fc1fbcdbb602efbe",
            "size": 611334,
            "url": "https://libraries.minecraft.net/org/lwjgl/lwjgl/lwjgl-platform/2.9.1/lwjgl-platform-2.9.1-natives-windows.jar"
          }
        }
      },
      "extract": {
        "exclude": [
          "META-INF/"
        ]
      },
      "name": "org.lwjgl.lwjgl:lwjgl-platform:2.9.1",
      "natives": {
        "linux": "natives-linux",
        "osx": "natives-osx",
        "windows": "natives-windows"
      }
    },
    {
      "downloads": {
        "classifiers": {
          "natives-linux": {
            "path": "net/java/jinput/jinput-platform/2.0.5/jinput-platform-2.0.5-natives-linux.jar",
            "sha1": "7ff832a6eb9ab6a767f1ade2b548092d0fa64795",
            "size": 10362,
            "url": "https://libraries.minecraft.net/net/java/jinput/jinput-platform/2.0.5/jinput-platform-2.0.5-natives-linux.jar"
          },
          "natives-osx": {
            "path": "net/java/jinput/jinput-platform/2.0.5/jinput-platform-2.0.5-natives-osx.jar",
            "sha1": "53f9c919f34d2ca9de8c51fc4e1e8282029a9232",
            "size": 12186,
            "url": "https://libraries.minecraft.net/net/java/jinput/jinput-platform/2.0.5/jinput-platform-2.0.5-natives-osx.jar"
          },
          "natives-windows": {
            "path": "net/java/jinput/jinput-platform/2.0.5/jinput-platform-2.0.5-natives-windows.jar",
            "sha1": "385ee093e01f587f30ee1c8a2ee7d408fd732e16",
            "size": 155179,
            "url": "https://libraries.minecraft.net/net/java/jinput/jinput-platform/2.0.5/jinput-platform-2.0.5-natives-windows.jar"
          }
        }
      },
      "extract": {
        "exclude": [
          "META-INF/"
        ]
      },
      "name": "net.java.jinput:jinput-platform:2.0.5",
      "natives": {
        "linux": "natives-linux",
        "osx": "natives-osx",
        "windows": "natives-windows"
      }
    },
    {
      "downloads": {
        "artifact": {
          "path": "tv/twitch/twitch/5.16/twitch-5.16.jar",
          "sha1": "1f55f009c61637c10c0acfb8b5ffc600f30044b4",
          "size": 52315,
          "url": "https://libraries.minecraft.net/tv/twitch/twitch/5.16/twitch-5.16.jar"
        }
      },
      "name": "tv.twitch:twitch:5.16"
    },
    {
      "downloads": {
        "classifiers": {
          "natives-osx": {
            "path": "tv/twitch/twitch-platform/5.16/twitch-platform-5.16-natives-osx.jar",
            "sha1": "62503ee712766cf77f97252e5902786fd834b8c5",
            "size": 418331,
            "url": "https://libraries.minecraft.net/tv/twitch/twitch-platform/5.16/twitch-platform-5.16-natives-osx.jar"
          },
          "natives-windows-32": {
            "path": "tv/twitch/twitch-platform/5.16/twitch-platform-5.16-natives-windows-32.jar",
            "sha1": "7c6affe439099806a4f552da14c42f9d643d8b23",
            "size": 386792,
            "url": "https://libraries.minecraft.net/tv/twitch/twitch-platform/5.16/twitch-platform-5.16-natives-windows-32.jar"
          },
          "natives-windows-64": {
            "path": "tv/twitch/twitch-platform/5.16/twitch-platform-5.16-natives-windows-64.jar",
            "sha1": "39d0c3d363735b4785598e0e7fbf8297c706a9f9",
            "size": 463390,
            "url": "https://libraries.minecraft.net/tv/twitch/twitch-platform/5.16/twitch-platform-5.16-natives-windows-64.jar"
          }
        }
      },
      "extract": {
        "exclude": [
          "META-INF/"
        ]
      },
      "name": "tv.twitch:twitch-platform:5.16",
      "natives": {
        "linux": "natives-linux",
        "osx": "natives-osx",
        "windows": "natives-windows-${arch}"
      },
      "rules": [
        {
          "action": "allow"
        },
        {
          "action": "disallow",
          "os": {
            "name": "linux"
          }
        }
      ]
    },
    {
      "downloads": {
        "classifiers": {
          "natives-windows-32": {
            "path": "tv/twitch/twitch-external-platform/4.5/twitch-external-platform-4.5-natives-windows-32.jar",
            "sha1": "18215140f010c05b9f86ef6f0f8871954d2ccebf",
            "size": 5654047,
            "url": "https://libraries.minecraft.net/tv/twitch/twitch-external-platform/4.5/twitch-external-platform-4.5-natives-windows-32.jar"
          },
          "natives-windows-64": {
            "path": "tv/twitch/twitch-external-platform/4.5/twitch-external-platform-4.5-natives-windows-64.jar",
            "sha1": "c3cde57891b935d41b6680a9c5e1502eeab76d86",
            "size": 7457619,
            "url": "https://libraries.minecraft.net/tv/twitch/twitch-external-platform/4.5/twitch-external-platform-4.5-natives-windows-64.jar"
          }
        }
      },
      "extract": {
        "exclude": [
          "META-INF/"
        ]
      },
      "name": "tv.twitch:twitch-external-platform:4.5",
      "natives": {
        "windows": "natives-windows-${arch}"
      },
      "rules": [
        {
          "action": "allow",
          "os": {
            "name": "windows"
          }
        }
      ]
    },
    {
      "name": "optifine:OptiFine:1.7.10_HD_U_E7"
    },
    {
      "name": "net.minecraft:launchwrapper:1.12"
    },
    {
      "name": "net.minecraftforge:forge:1.7.10-10.13.4.1614-1.7.10",
      "url": "https://maven.minecraftforge.net/"
    },
    {
      "name": "net.minecraft:launchwrapper:1.12",
      "serverreq": true
    },
    {
      "name": "org.ow2.asm:asm-all:5.0.3",
      "serverreq": true
    },
    {
      "name": "com.typesafe.akka:akka-actor_2.11:2.3.3",
      "url": "https://maven.minecraftforge.net/",
      "checksums": [
        "ed62e9fc709ca0f2ff1a3220daa8b70a2870078e",
        "25a86ccfdb6f6dfe08971f4825d0a01be83a6f2e"
      ],
      "serverreq": true,
      "clientreq": true
    },
    {
      "name": "com.typesafe:config:1.2.1",
      "url": "https://maven.minecraftforge.net/",
      "checksums": [
        "f771f71fdae3df231bcd54d5ca2d57f0bf93f467",
        "7d7bc36df0989d72f2d5d057309675777acc528b"
      ],
      "serverreq": true,
      "clientreq": true
    },
    {
      "name": "org.scala-lang:scala-actors-migration_2.11:1.1.0",
      "url": "https://maven.minecraftforge.net/",
      "checksums": [
        "dfa8bc42b181d5b9f1a5dd147f8ae308b893eb6f",
        "8c9aaeeb68487ca519411a14068e1b4d69739207"
      ],
      "serverreq": true,
      "clientreq": true
    },
    {
      "name": "org.scala-lang:scala-compiler:2.11.1",
      "url": "https://maven.minecraftforge.net/",
      "checksums": [
        "56ea2e6c025e0821f28d73ca271218b8dd04926a",
        "1444992390544ba3780867a13ff696a89d7d1639"
      ],
      "serverreq": true,
      "clientreq": true
    },
    {
      "name": "org.scala-lang.plugins:scala-continuations-library_2.11:1.0.2",
      "url": "https://maven.minecraftforge.net/",
      "serverreq": true,
      "clientreq": true
    },
    {
      "name": "org.scala-lang.plugins:scala-continuations-plugin_2.11.1:1.0.2",
      "url": "https://maven.minecraftforge.net/",
      "serverreq": true,
      "clientreq": true
    },
    {
      "name": "org.scala-lang:scala-library:2.11.1",
      "url": "https://maven.minecraftforge.net/",
      "checksums": [
        "0e11da23da3eabab9f4777b9220e60d44c1aab6a",
        "1e4df76e835201c6eabd43adca89ab11f225f134"
      ],
      "serverreq": true,
      "clientreq": true
    },
    {
      "name": "org.scala-lang:scala-parser-combinators_2.11:1.0.1",
      "url": "https://maven.minecraftforge.net/",
      "checksums": [
        "f05d7345bf5a58924f2837c6c1f4d73a938e1ff0",
        "a1cbbcbde1dcc614f4253ed1aa0b320bc78d8f1d"
      ],
      "serverreq": true,
      "clientreq": true
    },
    {
      "name": "org.scala-lang:scala-reflect:2.11.1",
      "url": "https://maven.minecraftforge.net/",
      "checksums": [
        "6580347e61cc7f8e802941e7fde40fa83b8badeb",
        "91ce0f0be20f4a536321724b4b3bbc6530ddcd88"
      ],
      "serverreq": true,
      "clientreq": true
    },
    {
      "name": "org.scala-lang:scala-swing_2.11:1.0.1",
      "url": "https://maven.minecraftforge.net/",
      "checksums": [
        "b1cdd92bd47b1e1837139c1c53020e86bb9112ae",
        "d77152691dcf5bbdb00529af37aa7d3d887b3e63"
      ],
      "serverreq": true,
      "clientreq": true
    },
    {
      "name": "org.scala-lang:scala-xml_2.11:1.0.2",
      "url": "https://maven.minecraftforge.net/",
      "checksums": [
        "7a80ec00aec122fba7cd4e0d4cdd87ff7e4cb6d0",
        "62736b01689d56b6d09a0164b7ef9da2b0b9633d"
      ],
      "serverreq": true,
      "clientreq": true
    },
    {
      "name": "lzma:lzma:0.0.1",
      "serverreq": true
    },
    {
      "name": "net.sf.jopt-simple:jopt-simple:4.5",
      "serverreq": true
    },
    {
      "name": "com.google.guava:guava:17.0",
      "serverreq": true
    },
    {
      "name": "org.apache.commons:commons-lang3:3.3.2",
      "serverreq": true
    },
    {
      "name": "net.minecraft:launchwrapper:1.11"
    },
    {
      "name": "org.ow2.asm:asm-all:5.0.3"
    },
    {
      "name": "com.mumfrey:liteloader:1.7.10_04",
      "url": "http://dl.liteloader.com/versions/"
    }
  ],
  "logging": {
    "client": {
      "argument": "-Dlog4j.configurationFile=${path}",
      "file": {
        "id": "client-1.7.xml",
        "sha1": "50c9cc4af6d853d9fc137c84bcd153e2bd3a9a82",
        "size": 966,
        "url": "https://launcher.mojang.com/v1/objects/50c9cc4af6d853d9fc137c84bcd153e2bd3a9a82/client-1.7.xml"
      },
      "type": "log4j2-xml"
    }
  },
  "mainClass": "net.minecraft.launchwrapper.Launch",
  "minecraftArguments": "--username ${auth_player_name} --version ${version_name} --gameDir ${game_directory} --assetsDir ${assets_root} --assetIndex ${assets_index_name} --uuid ${auth_uuid} --accessToken ${autXXXXXXXXXXoken} --userProperties ${user_properties} --userType ${user_type} --tweakClass optifine.OptiFineForgeTweaker --tweakClass cpw.mods.fml.common.launcher.FMLTweaker",
  "minimumLauncherVersion": 18,
  "releaseTime": "2014-05-15T01:29:23+08:00",
  "time": "2014-05-15T01:29:23+08:00",
  "type": "release",
  "clientVersion": "1.7.10",
  "arguments": {
    "game": [
      "--tweakClass",
      "com.mumfrey.liteloader.launch.LiteLoaderTweaker"
    ]
  }
}